[
  {
    "id":103,
    "source":0,
    "property_preprocess":false,
    "name":"linguaRowTpl",
    "description":"",
    "editor_type":0,
    "category":0,
    "cache_type":0,
    "locked":false,
    "properties":null,
    "static":false,
    "static_file":"",
    "filename":"linguarowtpl.chunk.html",
    "category_name":"linguaPdoTools"
  },
  {
    "id":104,
    "source":0,
    "property_preprocess":false,
    "name":"linguaPdoToolsDemo",
    "description":"",
    "editor_type":0,
    "category":0,
    "cache_type":0,
    "locked":false,
    "properties":null,
    "static":false,
    "static_file":"",
    "filename":"linguapdotoolsdemo.chunk.html",
    "category_name":"linguaPdoTools"
  }
]